Id,Text,BeginTime,EndTime,Confidence,SpeakerConfidence,Admiration,Adoration,Aesthetic Appreciation,Amusement,Anger,Anxiety,Awe,Awkwardness,Boredom,Calmness,Concentration,Contemplation,Confusion,Contempt,Contentment,Craving,Determination,Disappointment,Disgust,Distress,Doubt,Ecstasy,Embarrassment,Empathic Pain,Entrancement,Envy,Excitement,Fear,Guilt,Horror,Interest,Joy,Love,Nostalgia,Pain,Pride,Realization,Relief,Romance,Sadness,Satisfaction,Desire,Shame,Surprise (negative),Surprise (positive),Sympathy,Tiredness,Triumph
robot,Hello. I am Baxter. Welcome to my lab. I hope you are having a good day.Today I have a task to put objects on the shelf on my left. The objects are in different boxes. Please help me by taking the objects from the box and placing them on the table. Should we start?,16.56124,34.49495,,,0.033845193684101100,0.02437390573322770,0.019723501056432700,0.04102996364235880,0.05020011216402050,0.0533134825527668,0.021324941888451600,0.052002158015966400,0.08085378259420400,0.22742490470409400,0.060847293585538900,0.043651364743709600,0.047806717455387100,0.031523339450359300,0.06984337419271470,0.01214834675192830,0.09063807129859920,0.0654856264591217,0.027382364496588700,0.05738002806901930,0.038607846945524200,0.012649509124457800,0.016520895063877100,0.027761567384004600,0.0206143856048584,0.01352616772055630,0.055771566927433000,0.04573242738842960,0.021030593663454100,0.020306743681430800,0.09018068015575410,0.061415646225214000,0.035735905170440700,0.009956571273505690,0.03751620277762410,0.031146585941314700,0.06487344950437550,0.037550415843725200,0.013620555400848400,0.0674683153629303,0.0734059140086174,0.01923544332385060,0.019541343674063700,0.044074732810258900,0.03327571600675580,0.040639057755470300,0.06740205734968190,0.020732566714286800
participant,Sure.,35.610912,35.929756,0.97998047,0.13671875,0.01816652901470660,0.016255035996437100,0.015558297745883500,0.05246206745505330,0.06623095273971560,0.05896976217627530,0.02782823145389560,0.04657459259033200,0.059822551906108900,0.10629013925790800,0.03871835768222810,0.020337214693427100,0.06234712526202200,0.03501440957188610,0.035212405025959000,0.013063843362033400,0.09391771256923680,0.0834224596619606,0.03293204307556150,0.06948795914649960,0.0539495088160038,0.015419287607073800,0.02185090258717540,0.03244604542851450,0.02151668630540370,0.01921086758375170,0.064524345099926,0.05515724793076520,0.028101585805416100,0.028212357312440900,0.08425504714250570,0.044050417840480800,0.01978113502264020,0.009864773601293560,0.05012758448719980,0.02346901036798950,0.08512035012245180,0.04697253182530400,0.01653725653886800,0.08722303062677380,0.046536996960640000,0.024070966988802000,0.027529411017894700,0.061093565076589600,0.042054854333400700,0.019150374457240100,0.049777787178754800,0.024330617859959600
robot/participant,Please place new set of objects on the table. Okay. Are you done placing the objects? Yes.,38.400814,65.92704,,,0.01547139324247840,0.01272625382989650,0.01289618294686080,0.04587225243449210,0.06563353538513180,0.06267949938774110,0.019866112619638400,0.07103533297777180,0.062351856380701100,0.10126115381717700,0.03703850507736210,0.03034093603491780,0.08830592781305310,0.04283460974693300,0.025195440277457200,0.016284767538309100,0.08103903383016590,0.08705854415893560,0.03796836733818050,0.06487616151571270,0.06255058944225310,0.012284083291888200,0.02623698301613330,0.025204118341207500,0.017055198550224300,0.01735665835440160,0.05070645734667780,0.049347344785928700,0.02439918927848340,0.0250635277479887,0.0631440281867981,0.03301229327917100,0.01567911170423030,0.008810543455183510,0.04422358050942420,0.017885467037558600,0.07478920370340350,0.02753785438835620,0.015487495809793500,0.06814504414796830,0.03157082572579380,0.02601548656821250,0.023054756224155400,0.06415761262178420,0.033725470304489100,0.01757574826478960,0.0451347753405571,0.01575816050171850
participant,Yes. I'm done. I'm done placing the objects on the table.,71.534035,79.214905,,,0.01849290169775490,0.01599675603210930,0.015795214101672200,0.055872343480587000,0.06866608560085300,0.058212995529174800,0.028322650119662300,0.042198583483696000,0.05514559522271160,0.106943279504776,0.04853871837258340,0.022903861477971100,0.05270286649465560,0.03463565930724140,0.03995245695114140,0.01266669761389490,0.13271157443523400,0.08117462694644930,0.034823328256607100,0.06699755042791370,0.04748494178056720,0.020777147263288500,0.020488495007157300,0.02951742522418500,0.020849544554948800,0.016742562875151600,0.09129352867603300,0.0517166331410408,0.025808027014136300,0.02599639818072320,0.08321116119623180,0.054811835289001500,0.019057106226682700,0.010303184390068100,0.04573102295398710,0.03587852045893670,0.09156285226345060,0.04571864381432530,0.015274892561137700,0.07948374003171920,0.06252523511648180,0.021721426397562000,0.02556028589606290,0.05812029540538790,0.047428566962480500,0.015635812655091300,0.046882424503564800,0.04671209305524830
robot,Did not understand your answer. Are you done placing the objects?,84.099205,87.454735,0.99258703,,0.017330680042505300,0.016040463000536000,0.014740963466465500,0.04915878176689150,0.07763244211673740,0.06379875540733340,0.026662643998861300,0.04670755937695500,0.05349620059132580,0.10442136973142600,0.040328510105609900,0.02347300387918950,0.07835831493139270,0.0411594919860363,0.02769199013710020,0.012831663712859200,0.1057150661945340,0.08764705806970600,0.04098087549209600,0.07426879554986950,0.06687688827514650,0.014374839141964900,0.021398568525910400,0.03243478387594220,0.021598322317004200,0.01721089519560340,0.06001207232475280,0.056862715631723400,0.027020759880542800,0.028996020555496200,0.07497870922088620,0.041079774498939500,0.019408980384469000,0.009692729450762270,0.049784060567617400,0.02097722887992860,0.08353811502456670,0.03999396786093710,0.016409916803240800,0.08696872740983960,0.04178091511130330,0.023813903331756600,0.027238084003329300,0.06355078518390660,0.03922288119792940,0.01739194057881830,0.048049330711364700,0.0206169281154871
participant,Yes. I have.,88.173775,88.97271,0.8465169,,0.01870671845972540,0.016609234735369700,0.015562121756374800,0.04749611020088200,0.06797952950000760,0.05918026715517040,0.027574734762311000,0.04388135299086570,0.058673400431871400,0.11038505285978300,0.04013446718454360,0.02191450260579590,0.05527135357260700,0.03657889738678930,0.04062928631901740,0.012984056025743500,0.10905425995588300,0.08618005365133290,0.03384397551417350,0.06950873881578450,0.048927079886198000,0.01593315228819850,0.023298494517803200,0.03264422342181210,0.021635552868247000,0.01804293319582940,0.06426756083965300,0.05498572066426280,0.029971787706017500,0.028126945719122900,0.0751245841383934,0.04555221274495130,0.02001144178211690,0.012223855592310400,0.05117318406701090,0.031212911009788500,0.10437099635601000,0.04789026826620100,0.016467634588480000,0.09167901426553730,0.06151727959513660,0.023856274783611300,0.02969040349125860,0.05983816832304000,0.04020896181464200,0.017928557470440900,0.051062360405921900,0.03424076363444330
robot,Let's start placing objects on the shelf. Going for object A. Going for object B.,91.30396,137.49016,,,0.01758723147213460,0.011358287185430500,0.011418335139751400,0.03855825215578080,0.05259682610630990,0.052912984043359800,0.020211949944496200,0.02904374524950980,0.1022590920329090,0.1406053900718690,0.07495421916246410,0.039968978613615000,0.039744436740875200,0.033071938902139700,0.02413664013147350,0.012430556118488300,0.1377553641796110,0.06297867745161060,0.028447359800338700,0.04963788762688640,0.03343205899000170,0.015047192573547400,0.019160401076078400,0.016747141256928400,0.015405148267746000,0.013723345473408700,0.07331037521362310,0.045544590801000600,0.018015485256910300,0.026130620390176800,0.04812396317720410,0.0324038490653038,0.012260151095688300,0.01228934247046710,0.03995686396956440,0.02083301730453970,0.06737862527370450,0.023724118247628200,0.014522000215947600,0.05190498009324070,0.03229706361889840,0.014748722314834600,0.015582717023789900,0.04014889523386960,0.02667989768087860,0.010605379939079300,0.050252653658390000,0.019406743347644800
robot,I can't pick up the object.,151.93527,153.3694,0.9496257,,0.01680968888103960,0.015896709635853800,0.014707929454743900,0.04509233310818670,0.0795830562710762,0.06840021908283230,0.02639928087592130,0.043554965406656300,0.06501083076000210,0.10023573786020300,0.034712377935648000,0.019554706290364300,0.0576026551425457,0.041106365621089900,0.02777164615690710,0.01295841857790950,0.0884440541267395,0.10864552110433600,0.038430675864219700,0.08363325148820880,0.04959617927670480,0.01443157996982340,0.022833295166492500,0.03307788819074630,0.021166739985346800,0.017205659300088900,0.05966342240571980,0.060003090649843200,0.030528483912348700,0.030300498008728000,0.07192599028348920,0.041161809116601900,0.01940988376736640,0.009754371829330920,0.055077921599149700,0.02039192058146,0.08533137291669850,0.040660593658685700,0.01627095602452760,0.09900715202093120,0.04114767909049990,0.023705363273620600,0.0311533622443676,0.06444238126277920,0.03632769361138340,0.01649485155940060,0.05766177549958230,0.020321110263466800
robot,Hand it to me.,164.3976,165.19666,0.8590088,,0.020650610327720600,0.01961050182580950,0.016749069094657900,0.0488923043012619,0.07227959483861920,0.06165354698896410,0.030099615454673800,0.04468882456421850,0.06007378548383710,0.10840859264135400,0.03660948574543000,0.01963662914931770,0.056759726256132100,0.036119718104600900,0.04013507813215260,0.013753398321569000,0.09908947348594670,0.0810457244515419,0.033270686864852900,0.07123016566038130,0.04712284728884700,0.019013909623026800,0.02133038453757760,0.03207441419363020,0.02654232457280160,0.017872542142868000,0.06613191217184070,0.05878525227308270,0.027148012071847900,0.029238950461149200,0.07749570161104200,0.04707866907119750,0.025327909737825400,0.011804481036961100,0.05147373303771020,0.03379324451088910,0.08399470895528790,0.04980703443288800,0.022587470710277600,0.0881374403834343,0.05386415868997570,0.032296281307935700,0.02786545269191270,0.06059049069881440,0.04111064597964290,0.01614627055823800,0.05011500045657160,0.028584443032741500
participant,There you go.,169.83832,170.3963,0.8543294,,0.01825362630188470,0.016558939591050100,0.01541457511484620,0.05341405048966410,0.06461931765079500,0.05918695405125620,0.029353579506278000,0.0419573076069355,0.053795892745256400,0.10339410603046400,0.035415973514318500,0.018367834389209700,0.05902542918920520,0.031850531697273300,0.03218168392777440,0.012896107509732200,0.09139984101057050,0.07988618314266210,0.03211382403969770,0.06873495876789090,0.04740229621529580,0.015909913927316700,0.02010045200586320,0.031851183623075500,0.022061726078391100,0.01701200008392330,0.07230427116155620,0.05562667176127430,0.026576930657029200,0.028458841145038600,0.09227640181779860,0.04515725374221800,0.019745999947190300,0.01016854215413330,0.04962536320090290,0.021218519657850300,0.08234427124261860,0.04989807307720180,0.01644919626414780,0.0866532027721405,0.04764413833618160,0.023712581023573900,0.026482809334993400,0.0609637051820755,0.05061196908354760,0.016153348609805100,0.04804126173257830,0.02580590546131130
robot/participant,Should I close the gripper? Yeah.,171.8311,173.58476,0.5637695,,0.020539920777082400,0.017414947971701600,0.017029529437422800,0.052851274609565700,0.06524650752544400,0.05911210924386980,0.027861708775162700,0.05525572597980500,0.05538310110569,0.10729263722896600,0.0394146665930748,0.030985821038484600,0.06696774810552600,0.039938848465681100,0.029355475679040000,0.013306457549333600,0.08530628681182860,0.08413513004779820,0.03773859515786170,0.06912528723478320,0.06046021357178690,0.014550100080668900,0.022581053897738500,0.03412097692489620,0.021538779139518700,0.03138624131679540,0.06214040517807010,0.05545036494731900,0.02818509377539160,0.028363000601530100,0.09696786850690840,0.04210123419761660,0.020247256383299800,0.011654628440737700,0.049871429800987200,0.020645100623369200,0.08599639683961870,0.04005659371614460,0.016503766179084800,0.08727975189685820,0.042475879192352300,0.024179331958293900,0.02753080427646640,0.06204616278409960,0.040198374539613700,0.024891037493944200,0.04826974496245380,0.020372556522488600
participant,Go ahead.,175.35237,175.82951,0.98413086,,0.01718040555715560,0.016075680032372500,0.014908445999026300,0.050890062004327800,0.06692474335432050,0.06346778571605680,0.026575591415166900,0.04429991915822030,0.05706123262643810,0.11126092821359600,0.041169051080942200,0.01991160586476330,0.056354835629463200,0.03302158787846570,0.03242667764425280,0.013567021116614300,0.10272365808486900,0.08303168416023250,0.03313769772648810,0.07490547001361850,0.04767599329352380,0.015402840450406100,0.021144848316907900,0.0327351912856102,0.021843334659934000,0.017319729551672900,0.06801864504814150,0.058221764862537400,0.027072496712207800,0.029488248750567400,0.08174069225788120,0.04292633384466170,0.01967616379261020,0.010360636748373500,0.05153907090425490,0.020121343433857000,0.08072894811630250,0.04537411406636240,0.0166877843439579,0.08950711786746980,0.042221799492836,0.02433471381664280,0.02691902406513690,0.059879254549741700,0.038000110536813700,0.018479488790035200,0.0548921599984169,0.021536534652113900
robot/participant,Did not understand your answer? Should I close gripper? Yes.,178.69237,182.1119,0.9440918,,0.019631559029221500,0.0172275397926569,0.01623009704053400,0.048848725855350500,0.06968636065721510,0.06090792268514630,0.02718266099691390,0.04972127079963680,0.0534193255007267,0.11506475508213000,0.04628118872642520,0.030878761783242200,0.06490873545408250,0.03892652690410610,0.029789401218295100,0.013162328861653800,0.10250207036733600,0.08483603596687320,0.03774061053991320,0.07159837335348130,0.06461846083402630,0.01441543735563760,0.021749747917056100,0.03528789430856710,0.022206783294677700,0.020296886563301100,0.060494281351566300,0.05685226619243620,0.028091933578252800,0.028979545459151300,0.08181062340736390,0.04123503342270850,0.0198863185942173,0.010145333595573900,0.04986527934670450,0.020980268716812100,0.08447040617465970,0.04077561944723130,0.01646571233868600,0.0873713418841362,0.043050240725278900,0.02423202060163020,0.027375508099794400,0.06077945604920390,0.04054786264896390,0.029680851846933400,0.04803910851478580,0.021253462880849800
participant,Yes.,184.92,185.16,0.9921875,0.27441406,0.017698463052511200,0.01617501489818100,0.015387587249279000,0.04801935702562330,0.0653017908334732,0.05893019959330560,0.027458613738417600,0.046324051916599300,0.06389275938272480,0.11591298878192900,0.03813410922884940,0.021248241886496500,0.057518623769283300,0.03360862284898760,0.03551468253135680,0.013123491778969800,0.09061755985021590,0.0820276215672493,0.03278488665819170,0.06939538568258290,0.04921905696392060,0.015350627712905400,0.021602030843496300,0.03244291990995410,0.021806206554174400,0.017584413290023800,0.06511983275413510,0.05522409453988080,0.02767346240580080,0.028269698843359900,0.07858563959598540,0.04341408982872960,0.019692715257406200,0.01141133438795810,0.050344619899988200,0.021727226674556700,0.08822871744632720,0.04893076792359350,0.016837891191244100,0.08833763003349300,0.053024549037218100,0.024728741496801400,0.027769753709435500,0.060442693531513200,0.03900812193751340,0.016947871074080500,0.05077352002263070,0.024920223280787500
robot,Did not understand your answer. Should I close gripper?,187.48,190.36,0.95236546,,0.019039336591959,0.01653774455189710,0.015989134088158600,0.048239801079034800,0.07803069055080410,0.06115298718214040,0.027123620733618700,0.046569958329200700,0.054078396409750000,0.11137361079454400,0.04762378707528110,0.034017421305179600,0.0706293061375618,0.050680793821811700,0.028806347399950000,0.012965268455445800,0.10421530157327700,0.0884266048669815,0.04343625158071520,0.07205125689506530,0.08373057097196580,0.014323929324746100,0.02105124108493330,0.03401651978492740,0.021666444838047000,0.020014485344290700,0.06001954525709150,0.05719996243715290,0.027271728962659800,0.028640974313020700,0.08300149440765380,0.04117683321237560,0.01952722668647770,0.009760715067386630,0.049945153295993800,0.02108604833483700,0.08306732773780820,0.04034757986664770,0.01630266383290290,0.08728593587875370,0.04164401814341550,0.023825569078326200,0.027118071913719200,0.06078408658504490,0.038667332381010100,0.022518357262015300,0.04798455163836480,0.02029629424214360
robot/participant,"Yes, close it. Closing the gripper.",191.09447,194.9504,,,0.018961777910590200,0.016400927677750600,0.0180595051497221,0.04987754672765730,0.06634095311164860,0.05883878096938130,0.02883734367787840,0.04630885645747190,0.0555022768676281,0.1154600977897640,0.04636801779270170,0.02377050742506980,0.05724342539906500,0.037432391196489300,0.034618232399225200,0.013334866613149600,0.10879867523908600,0.08365315943956380,0.034315139055252100,0.0691993460059166,0.04880433529615400,0.01559321116656070,0.0216158926486969,0.03309740126132970,0.02306610345840450,0.01887015998363500,0.06853831559419630,0.055407702922821000,0.027415353804826700,0.028789130970835700,0.08530853688716890,0.042942117899656300,0.01956137642264370,0.010045796632766700,0.04972134903073310,0.026702191680669800,0.08581271767616270,0.041942376643419300,0.016305264085531200,0.0871155634522438,0.04910847544670110,0.02384062670171260,0.027140064164996100,0.060459014028310800,0.04023981839418410,0.01906210370361810,0.04824654012918470,0.028238020837307000
robot,I can't carry the object.,209.82704,211.26094,0.9957031,,0.01692669838666920,0.015949785709381100,0.014695055782795000,0.04499790817499160,0.0848936066031456,0.06778411567211150,0.026531659066677100,0.044260717928409600,0.0621815100312233,0.10154735296964600,0.034533336758613600,0.019597923383116700,0.05710582062602040,0.04711288958787920,0.027665026485920000,0.013009261339902900,0.08904608339071270,0.11002326011657700,0.03995173051953320,0.09021716564893720,0.04829731956124310,0.014386909082531900,0.023028157651424400,0.03472968935966490,0.021244412288069700,0.017289597541093800,0.059552114456892000,0.06027477979660030,0.03202835097908970,0.02985813468694690,0.07189548015594480,0.04104183614254000,0.01955767162144180,0.009711594320833680,0.059233829379081700,0.020117636770010000,0.08307019621133800,0.04006688669323920,0.01644044555723670,0.10517174005508400,0.0408552810549736,0.02392030507326130,0.032804880291223500,0.0648457258939743,0.03621730953454970,0.017679378390312200,0.058246929198503500,0.020033206790685700
robot,Take the object back.,219.5575,220.75067,0.8894043,,0.018967870622873300,0.016706135123968100,0.01569521054625510,0.04798082262277600,0.0695514902472496,0.05867123603820800,0.026991968974471100,0.04105963930487630,0.06015187129378320,0.12904833257198300,0.04805659502744680,0.019441764801740600,0.05513611063361170,0.037978872656822200,0.034087106585502600,0.013440344482660300,0.13071542978286700,0.08108866959810260,0.03259856626391410,0.06863885372877120,0.04660563915967940,0.015453619882464400,0.019961340352892900,0.0322013758122921,0.02329230308532720,0.017800230532884600,0.06629645824432370,0.055674292147159600,0.026558779180049900,0.028265362605452500,0.08491595834493640,0.04352846369147300,0.02002137526869770,0.010180004872381700,0.04972660169005390,0.025312650948762900,0.07975723594427110,0.044769223779439900,0.016502980142831800,0.08696282655000690,0.053211793303489700,0.024089379236102100,0.026553228497505200,0.05892157554626470,0.03687967732548710,0.01680559478700160,0.049828190356493000,0.028041571378707900
participant,Okay. You can release.,221.94386,223.0575,0.7252197,,0.017943762242794000,0.01694823056459430,0.014998884871602100,0.06396043300628660,0.07155298441648480,0.06651663780212400,0.027556870132684700,0.04436427354812620,0.055880408734083200,0.09982053935527800,0.03462837636470800,0.018713610246777500,0.058124713599681900,0.03771394491195680,0.028565935790538800,0.013728739693760900,0.09369473904371260,0.08245367556810380,0.03397604450583460,0.08021870255470280,0.047871183604002,0.018399810418486600,0.02120191976428030,0.032957546412944800,0.023371627554297400,0.018334945663809800,0.07226475328207020,0.060743436217308000,0.027343202382326100,0.031153861433267600,0.07711084932088850,0.04532577097415920,0.02009427733719350,0.009748308919370170,0.051060911267995800,0.020425498485565200,0.08272294700145720,0.05217231810092930,0.017080139368772500,0.08796769380569460,0.04349667951464650,0.02483173832297330,0.027682041749358200,0.0644574835896492,0.044687602669000600,0.018094168975949300,0.05157589539885520,0.022919537499547000
robot,Carry it for me.,228.94475,229.81705,0.9953613,,0.01951569877564910,0.018599821254611000,0.015004627406597100,0.04773940518498420,0.06988299638032910,0.058622393757104900,0.027290673926472700,0.04287251830101010,0.05586383864283560,0.11699570715427400,0.03945762291550640,0.020007118582725500,0.05556615814566610,0.040729232132434800,0.03933744132518770,0.013827357441186900,0.1055997908115390,0.08351359516382220,0.03392947465181350,0.06958669424057010,0.047023434191942200,0.015716634690761600,0.020905550569295900,0.0325905941426754,0.022265521809458700,0.01871672458946710,0.06254507601261140,0.05533268302679060,0.027855945751071000,0.028179509565234200,0.07516556978225710,0.04435070604085920,0.0230561513453722,0.011224303394556000,0.0509391687810421,0.028746211901307100,0.08563025295734410,0.04593701660633090,0.020598020404577300,0.08825284242630010,0.054022129625082000,0.024632908403873400,0.027411386370658900,0.05980987846851350,0.03720865398645400,0.016992934048175800,0.04986042156815530,0.02578522264957430
participant,Wanted to put it on the shelf? Okay. A put it on the self.,234.03757,244.06528,,,0.021318163722753500,0.01697554625570770,0.02044285088777540,0.05614985525608060,0.06184385344386100,0.06537527590990070,0.031084908172488200,0.05540402606129650,0.05238751694560050,0.1025025025010110,0.03569118306040760,0.026354487985372500,0.06638480722904210,0.029314620420336700,0.031170781701803200,0.016420815140008900,0.0938434973359108,0.07474210113286970,0.03249421715736390,0.06972242146730420,0.053322769701480900,0.016197994351387000,0.021387504413723900,0.02960248291492460,0.021340420469641700,0.017160292714834200,0.08203715831041340,0.05834478884935380,0.026198314502835300,0.027103697881102600,0.10002944618463500,0.04609754681587220,0.018899302929639800,0.010080602020025300,0.0479111447930336,0.022339487448334700,0.07985574752092360,0.041944485157728200,0.016039837151765800,0.08093877881765370,0.04729314520955090,0.02111230604350570,0.02561650425195690,0.05987222492694860,0.05109630525112150,0.017112288624048200,0.04511218145489690,0.022737979888916000
robot,Going for object C. Going for object D.,246.21536,289.245,,,0.014952506870031400,0.011619876138865900,0.012226027436554400,0.04067259281873700,0.0521857887506485,0.057702384889125800,0.021544182673096700,0.02973334863781930,0.06963956356048580,0.1040245071053510,0.060153912752866700,0.02644113264977930,0.03968193382024770,0.02658603899180890,0.021063506603241000,0.01236030738800760,0.12002869695425000,0.06381221115589140,0.029819553717970800,0.060002218931913400,0.035024791955947900,0.013946082442998900,0.019563615322113000,0.020442672073841100,0.014604773372411700,0.013689868152141600,0.06521809846162800,0.05605947971343990,0.02087985910475250,0.03384365141391750,0.04665984958410260,0.03510749340057370,0.013153942301869400,0.009685374796390530,0.05391575023531910,0.016194647178053900,0.06970920413732530,0.026991557329893100,0.01387427281588320,0.060593195259571100,0.031506914645433400,0.016453294083476100,0.01762419007718560,0.04856307432055470,0.028330394998192800,0.010340312495827700,0.0496365949511528,0.019290301948785800
robot,I can't place the object.,318.20618,319.64175,0.98876953,,0.016957323998212800,0.015922700986266100,0.015116811729967600,0.04503100365400310,0.07217951864004140,0.06724729388952260,0.026784013956785200,0.04385360702872280,0.05888936668634420,0.1039753332734110,0.03588029742240910,0.021013397723436400,0.05896281450986860,0.0399588905274868,0.027892155572772000,0.013090773485600900,0.09170695394277570,0.10292216390371300,0.03737097233533860,0.08370709419250490,0.049430154263973200,0.014417141675949100,0.02353992871940140,0.03329496085643770,0.021566344425082200,0.017615824937820400,0.05974160507321360,0.0598834790289402,0.03158680722117420,0.030361097306013100,0.07197465747594830,0.04101365804672240,0.019427334889769600,0.009876838885247710,0.05453498288989070,0.020451275631785400,0.08434577286243440,0.04053320735692980,0.01641836389899250,0.10027612745761900,0.041158419102430300,0.02391069196164610,0.032944146543741200,0.065207339823246,0.03630051016807560,0.01723594032227990,0.05333039537072180,0.020422469824552500
robot,Take the object back.,333.4273,334.61884,0.9466553,,0.018630431964993500,0.016565484926104500,0.015742389485240000,0.05003533884882930,0.07589273899793630,0.05987812578678130,0.027249651029706,0.042271893471479400,0.06096385419368740,0.11668775975704200,0.04551273211836820,0.019790178164839700,0.05598723143339160,0.04345860704779630,0.03143129497766500,0.013412307016551500,0.11298415809869800,0.08191318809986120,0.03385269641876220,0.06937315315008160,0.04703317582607270,0.015582280233502400,0.02020786888897420,0.03221740946173670,0.023320486769080200,0.01816166564822200,0.06751831620931630,0.05668165162205700,0.02676970884203910,0.028722476214170500,0.08482594788074490,0.04313479736447330,0.019879233092069600,0.010230803862214100,0.04994185268878940,0.022216349840164200,0.08045150339603420,0.04361370950937270,0.016636747866869000,0.08701004832983020,0.047104328870773300,0.024463236331939700,0.026728522032499300,0.059675294905901000,0.037756673991680100,0.016660243272781400,0.050673291087150600,0.024435268715024000
robot/participant,Okay. Place it for me.,336.287,339.0858,,,0.01777692511677740,0.01633850298821930,0.014897300861775900,0.04737517982721330,0.06545232236385350,0.060593340545892700,0.026524703949689900,0.04354681447148320,0.06720293313264850,0.1426807940006260,0.052995990961790100,0.021097103133797600,0.05544804409146310,0.03530145809054380,0.031544189900159800,0.014032324776053400,0.11278276145458200,0.08140432834625240,0.032600920647382700,0.07022395730018620,0.04881487041711810,0.015225162729620900,0.02066766656935220,0.03306049853563310,0.02324949949979780,0.017315443605184600,0.061775460839271500,0.05576694756746290,0.027348333969712300,0.028599627315998100,0.08351413160562520,0.04226946085691450,0.020090781152248400,0.009739229455590250,0.04993565380573270,0.022391559556126600,0.07970883697271350,0.05774587392807010,0.017354244366288200,0.08737032860517500,0.047080036252737000,0.02503141574561600,0.02705724909901620,0.058836571872234300,0.03642760217189790,0.02366446703672410,0.05366476997733120,0.02411828748881820
participant,There you go.,341.71094,368.25845,,,0.01973745785653590,0.01644957810640340,0.014369328506290900,0.06295810639858250,0.05733073502779010,0.05850571393966680,0.028887851163744900,0.046704813838005100,0.05755632370710370,0.09183249622583390,0.030950844287872300,0.021607590839266800,0.0605461522936821,0.02748599462211130,0.027941713109612500,0.014628151431679700,0.09988917410373690,0.0742097795009613,0.031932178884744600,0.0631050243973732,0.05194306746125220,0.023157477378845200,0.023915084078908000,0.02731376886367800,0.019827943295240400,0.017720792442560200,0.09971050173044210,0.05220835283398630,0.02591409906744960,0.029599174857139600,0.07853327691555020,0.0466892346739769,0.02016858384013180,0.013500742614269300,0.05541803687810900,0.021111691370606400,0.07589051127433780,0.04055055230855940,0.018630512058734900,0.07422599196434020,0.03970593214035030,0.0278133824467659,0.02494005486369130,0.06206574663519860,0.050927840173244500,0.016848202794790300,0.048670340329408600,0.027237819507718100
robot/participant,Please place new set of objects on the table. Are you done placing the objects? No. Okay. Are you done placing the objects?,468.47665,517.4314,,,0.011948907747864700,0.009451586753129960,0.008977128192782400,0.061373233795166000,0.06238909810781480,0.06351286172866820,0.01731834188103680,0.07013381272554400,0.05202123150229450,0.08284508436918260,0.03392929583787920,0.02649698220193390,0.15844371914863600,0.042760711163282400,0.02157622203230860,0.007225323002785440,0.07484225183725360,0.08336997777223590,0.044886086136102700,0.06772846728563310,0.09778397530317310,0.010679984465241400,0.028773516416549700,0.018273508176207500,0.010651031509041800,0.012268243357539200,0.04649553447961810,0.05022863671183590,0.02187563106417660,0.02520274929702280,0.04357714578509330,0.027743976563215300,0.01091616041958330,0.007776714861392980,0.04423202946782110,0.01718919537961480,0.07942736148834230,0.025689439848065400,0.011359777301549900,0.05036439001560210,0.026705071330070500,0.012498630210757300,0.020873498171567900,0.11878634244203600,0.050328876823186900,0.011796006932854700,0.038194168359041200,0.01577766239643100
participant,"Yes, I am.",518.2437,518.9622,0.94970703,,0.019209053367376300,0.0166748259216547,0.015742871910333600,0.04820815101265910,0.06648240983486180,0.059083111584186600,0.02800651080906390,0.04328746721148490,0.0574197955429554,0.1106417328119280,0.03752417117357250,0.02098819985985760,0.05539758503437040,0.034282274544239000,0.039271280169487,0.013041327707469500,0.10429562628269200,0.08469858765602110,0.03311200439929960,0.06941904127597810,0.04856377840042110,0.01681680977344510,0.022647006437182400,0.03261556103825570,0.0218439232558012,0.017712194472551300,0.0670311376452446,0.05510609969496730,0.03000592440366750,0.028205905109643900,0.07521912455558780,0.046955011785030400,0.020353391766548200,0.01264866255223750,0.05115404725074770,0.0281185545027256,0.10404178500175500,0.04945065826177600,0.016595371067524000,0.09227114915847780,0.060722675174474700,0.024027837440371500,0.029209468513727200,0.05995602905750280,0.04188210889697080,0.017776619642972900,0.05041908845305440,0.03357841074466710
robot,Let's start placing objects on the shelf. Going for object A.,521.4369,528.4169,,,0.016396721825003600,0.01466385181993250,0.015035709366202400,0.04211423546075820,0.06141865253448490,0.05593711510300640,0.02481788396835330,0.03959082067012790,0.09957166761159900,0.16723521053791000,0.06313154101371770,0.0284572783857584,0.050944335758686100,0.03668994829058650,0.028868377208709700,0.015162117779254900,0.11597169935703300,0.08141471445560460,0.03418184816837310,0.06379179656505590,0.04489672929048540,0.013830091804266000,0.01868920959532260,0.02979918010532860,0.024019993841648100,0.016551867127418500,0.05825633183121680,0.051335763186216400,0.024871891364455200,0.025901980698108700,0.07347750663757320,0.038223959505558000,0.01816832646727560,0.010073811747133700,0.045771870762109800,0.01886773481965070,0.07847058027982710,0.03659714758396150,0.01566871628165250,0.08009177446365360,0.040568720549345000,0.022890491411089900,0.02472006343305110,0.05388549715280530,0.03322234004735950,0.016161369159817700,0.05332263186573980,0.01917199045419690
robot,I can't carry the object.,551.3906,553.05975,0.92099607,,0.01695779338479040,0.016015563160181000,0.014764055609703100,0.04534458741545680,0.08428383618593220,0.06500977277755740,0.026491282507777200,0.045346491038799300,0.06019245833158490,0.09776296466588970,0.03379467502236370,0.019096406176686300,0.056501053273677800,0.05052528530359270,0.027567163109779400,0.013043101876974100,0.08667317032814030,0.10958831757307100,0.04457693547010420,0.08899226039648060,0.04758487641811370,0.014398442581296000,0.026427162811160100,0.03420360013842580,0.021166324615478500,0.017529090866446500,0.05948765203356740,0.059165991842746700,0.03536355122923850,0.02954961359500890,0.0718536376953125,0.04114468768239020,0.019548233598470700,0.009794509969651700,0.05904226377606390,0.020300911739468600,0.0820358395576477,0.03994004428386690,0.016482368111610400,0.1020742803812030,0.040881529450416600,0.023925814777612700,0.03525820001959800,0.06470013409852980,0.03622531518340110,0.017679564654827100,0.0548279844224453,0.020005470141768500
robot,Take the object back.,566.1263,567.242,0.947876,,0.019136184826493300,0.016452889889478700,0.015869099646806700,0.04870514199137690,0.07529012858867650,0.05878055840730670,0.027148356661200500,0.041117411106824900,0.05742565542459490,0.12154699862003300,0.049860525876283600,0.019572367891669300,0.05547526478767400,0.041641414165496800,0.03198198229074480,0.013232081197202200,0.12234479933977100,0.08117459714412690,0.032956141978502300,0.06880731135606770,0.046574339270591700,0.015380000695586200,0.020040683448314700,0.032121751457452800,0.023234833031892800,0.017863504588604000,0.06715945154428480,0.05591266602277760,0.026636559516191500,0.02843550220131870,0.08649757504463200,0.04292084649205210,0.019711678847670600,0.01014903374016290,0.049706559628248200,0.02536613494157790,0.0802074521780014,0.043627507984638200,0.0163950826972723,0.08701241761446000,0.04946349933743480,0.024015549570322000,0.026671916246414200,0.059309568256139800,0.03767882287502290,0.016666321083903300,0.049012523144483600,0.02907954901456830
participant,What you want them to do with it?,573.255,574.53503,0.94592285,,0.017146257683634800,0.016339413821697200,0.014734277501702300,0.047939665615558600,0.07207391411066060,0.06414104998111730,0.02665264718234540,0.04399399086833,0.055734407156705900,0.1051531508564950,0.03799881413578990,0.023639047518372500,0.05949178710579870,0.03666882589459420,0.029073767364025100,0.014260230585932700,0.10929535329341900,0.08303240686655050,0.033504750579595600,0.07481899857521060,0.05272486060857770,0.014962572604417800,0.021020609885454200,0.03418881818652150,0.021794795989990200,0.019155355170369100,0.06358683854341510,0.057356737554073300,0.027394063770771000,0.02865884080529210,0.08571641147136690,0.04190244525671010,0.020108291879296300,0.010266664437949700,0.0512312613427639,0.020627185702323900,0.08534172922372820,0.040023647248745000,0.01738482154905800,0.08994948118925100,0.041933294385671600,0.024643566459417300,0.02758195996284490,0.060521822422742800,0.03812941536307340,0.020962098613381400,0.04910239204764370,0.020899243652820600
robot,Carry it for me.,582.6705,583.6237,0.99438477,,0.02043614163994790,0.018991583958268200,0.015164434909820600,0.04763892665505410,0.06652296334505080,0.058633510023355500,0.02779414877295490,0.042326346039772000,0.05680334195494650,0.13196496665477800,0.03935655206441880,0.02003997378051280,0.05533408746123310,0.03666398674249650,0.04218486323952680,0.013748034834861800,0.10014568269252800,0.08274912089109420,0.03281232342123990,0.06983303278684620,0.04670418053865430,0.01624528132379060,0.020279206335544600,0.03345019742846490,0.022999292239546800,0.01856973022222520,0.06326732784509660,0.0557112880051136,0.027952516451478000,0.028371352702379200,0.07613483816385270,0.045585256069898600,0.02382834255695340,0.011653570458293000,0.05125637352466580,0.02790684811770920,0.08819790184497830,0.049836255609989200,0.02290680631995200,0.08900858461856840,0.055566128343343700,0.02477157860994340,0.02713690884411340,0.05955512449145320,0.03749791160225870,0.01759761944413190,0.05087718740105630,0.02623037062585350
robot,Going for object B.,594.2117,595.9197,,,0.017800187692046200,0.016436371952295300,0.015023071318864800,0.047071777284145400,0.06982151418924330,0.06020720675587650,0.0267348550260067,0.04243278503417970,0.06215786188840870,0.10901205986738200,0.038289353251457200,0.019810348749160800,0.05591275915503500,0.037195656448602700,0.02892620489001270,0.01461521815508600,0.10652456432580900,0.08377940952777860,0.033665355294942900,0.07136520743370060,0.0473809577524662,0.015340112149715400,0.020621662959456400,0.03216138854622840,0.02243560180068020,0.018491432070732100,0.06700052320957180,0.05642930045723920,0.027195213362574600,0.02858595922589300,0.07604996860027310,0.04244859144091610,0.01987835206091400,0.010526459664106400,0.0511753186583519,0.022677473723888400,0.08188071101903920,0.04086503013968470,0.01694374904036520,0.08818605542182920,0.043103840202093100,0.02474062889814380,0.02735562063753610,0.05998951941728590,0.03675257787108420,0.016290731728076900,0.05353927984833720,0.021753976121544800
robot,Carry it for me.,600.60693,601.5646,0.6456299,,0.02024613879621030,0.018113108351826700,0.015087990090251000,0.04677598178386690,0.06955695897340780,0.05849297344684600,0.027339497581124300,0.04373114928603170,0.05678823962807660,0.12229891866445500,0.04084367677569390,0.019834304228425000,0.055785562843084300,0.03814992681145670,0.032284315675497100,0.013320278376340900,0.1009572222828870,0.08298390358686450,0.034819770604372000,0.06933252513408660,0.04809533432126050,0.015287550166249300,0.020810440182685900,0.0329100638628006,0.02237669751048090,0.01867608167231080,0.06323932111263280,0.05585931986570360,0.027635671198368100,0.028516611084342000,0.07600049674510960,0.04416569322347640,0.022311799228191400,0.011136115528643100,0.05032416060566900,0.022550448775291400,0.08374933153390880,0.04324747622013090,0.01951606571674350,0.08805215358734130,0.04520335793495180,0.025736603885889100,0.027398966252803800,0.059810977429151500,0.03726163133978840,0.018184512853622400,0.05044637620449070,0.022006597369909300
robot,Going for object C.,633.6033,635.0332,0.9313965,,0.01878492906689640,0.01633973978459840,0.01722649112343790,0.04585694149136540,0.0654306411743164,0.05820545181632040,0.027199827134609200,0.04074328765273090,0.057846348732709900,0.12047997117042500,0.06303804367780690,0.02308177575469020,0.05500144883990290,0.03520215302705770,0.03017859160900120,0.014352018013596500,0.11845854669809300,0.0811162069439888,0.03290948644280430,0.06852233409881590,0.04667387530207630,0.014814410358667400,0.019842498004436500,0.031991906464099900,0.022947190329432500,0.017986200749874100,0.06924724578857420,0.05489664152264600,0.026428496465086900,0.028073307126760500,0.08549042791128160,0.04232194274663930,0.019758861511945700,0.011161796748638200,0.049620356410741800,0.020858699455857300,0.08096078783273700,0.04014573618769650,0.016672316938638700,0.08730915933847430,0.04473615065217020,0.024008657783269900,0.026466846466064500,0.05871904268860820,0.03669161722064020,0.017121102660894400,0.04911772161722180,0.02207045443356040
robot,I can't pick up the object.,649.3208,650.8373,0.9420573,,0.0168989859521389,0.015917209908366200,0.01479719951748850,0.04526491463184360,0.07432842254638670,0.07075683027505880,0.026506677269935600,0.0437278151512146,0.06003863364458080,0.09938614815473560,0.03472146391868590,0.019625520333647700,0.05841192230582240,0.03629443421959880,0.02787446603178980,0.012955298647284500,0.08931978791952130,0.09941757470369340,0.035245031118392900,0.08173810690641400,0.04959793761372570,0.014505000784993200,0.023073997348547000,0.03281058743596080,0.021205376833677300,0.017024504020810100,0.06011365354061130,0.06002666801214220,0.030899066478014000,0.02993464469909670,0.07194127887487410,0.04129142314195630,0.019385382533073400,0.009776960127055650,0.05519961193203930,0.021265801042318300,0.08473192155361180,0.04141417518258100,0.01628098078072070,0.09647190570831300,0.04172695800662040,0.02373836189508440,0.030766882002353700,0.06482210010290150,0.036646608263254200,0.016399800777435300,0.05561753362417220,0.020799582824111000
robot,Hand it to me.,662.2516,663.0484,0.7635091,,0.02003590762615200,0.02022808976471420,0.016658488661050800,0.04806100204586980,0.07131535559892650,0.06275244057178500,0.03024768829345700,0.044266387820243800,0.05873829126358030,0.11233673989772800,0.03800782188773160,0.019838672131300000,0.056702375411987300,0.03553382679820060,0.03754344582557680,0.014136504381895100,0.10410961508750900,0.08114171773195270,0.033474527299404100,0.07228664308786390,0.047158535569906200,0.019546950235962900,0.021080439910292600,0.03217068687081340,0.028447125107049900,0.01796226017177110,0.0670563280582428,0.05955760180950170,0.027182163670659100,0.029589354991912800,0.07926623523235320,0.04664808511734010,0.026229672133922600,0.0119862025603652,0.05174759402871130,0.03203204646706580,0.0839574858546257,0.0482870489358902,0.024823417887091600,0.0882183313369751,0.05409598723053930,0.03353704512119290,0.028145216405391700,0.06036081165075300,0.04069741070270540,0.016253866255283400,0.051137082278728500,0.029900845140218700
robot,Okay. There you go.,666.8963,667.8551,0.9034424,,0.017448486760258700,0.016116933897137600,0.014902076683938500,0.05422399938106540,0.06711675226688390,0.061381321400404000,0.027067285031080200,0.044783055782318100,0.0570514053106308,0.10774944722652400,0.04133894294500350,0.01863962598145010,0.058767106384038900,0.032827917486429200,0.030506791546940800,0.013423888944089400,0.11338242888450600,0.0815214291214943,0.033207476139068600,0.07128746807575230,0.049809928983449900,0.01537352241575720,0.020676540210843100,0.0322749949991703,0.02185886725783350,0.01723639667034150,0.07088787853717800,0.05762757360935210,0.027221016585826900,0.02881631813943390,0.08624709397554400,0.04342171177268030,0.019746553152799600,0.00986354611814022,0.05030518025159840,0.02114257588982580,0.08045083284378050,0.04678146913647650,0.016786575317382800,0.0873437449336052,0.04368005692958830,0.024122130125761000,0.027126753702759700,0.06039489060640340,0.03918330371379850,0.01685016229748730,0.051854681223630900,0.022951850667595900
robot,Should I close the gripper?,669.69275,670.8114,0.6713867,,0.022476710379123700,0.018194707110524200,0.018078608438372600,0.05471498891711240,0.06844024360179900,0.05940990895032880,0.028873920440673800,0.049479011446237600,0.05589384213089940,0.10577716678381000,0.03717111423611640,0.02923804521560670,0.07090863585472110,0.05125557631254200,0.029578832909464800,0.013130627572536500,0.08491560071706770,0.08469226956367490,0.04460657760500910,0.06959327310323720,0.057081472128629700,0.014575382694602000,0.02289878949522970,0.03369642794132230,0.021609704941511200,0.03644900023937230,0.06097884476184850,0.055886656045913700,0.02781279757618900,0.0287155844271183,0.08984939754009250,0.041887734085321400,0.02065884694457050,0.010778998024761700,0.04975370690226560,0.021094853058457400,0.09069279581308370,0.03965822607278820,0.016428958624601400,0.08749521523714070,0.041898224502801900,0.023895975202322000,0.027823353186249700,0.06264562159776690,0.04247995465993880,0.020387422293424600,0.04750210419297220,0.02014547772705560
robot,Yes.,671.53046,671.7702,0.99658203,0.13671875,0.01767989620566370,0.016285769641399400,0.015373239293694500,0.04905487224459650,0.06476817280054090,0.059730615466833100,0.027511322870850600,0.04817792400717740,0.058043140918016400,0.11136183887720100,0.03833915293216710,0.021205998957157100,0.059477318078279500,0.03253372758626940,0.03289682790637020,0.013030740432441200,0.08986178040504460,0.08156528323888780,0.032452426850795700,0.0703652948141098,0.04996342211961750,0.015435993671417200,0.021992526948452000,0.032694797962904000,0.021788697689771700,0.017364419996738400,0.06599996984004970,0.055751148611307100,0.027765866369009000,0.028555694967508300,0.07935137301683430,0.04371367767453190,0.019730038940906500,0.011770608834922300,0.05044306814670560,0.02108100987970830,0.08708571642637250,0.04684935137629510,0.01679585687816140,0.08896613121032720,0.0481562502682209,0.024318303912878000,0.027747467160224900,0.06150789558887480,0.04040703922510150,0.01765325479209420,0.04941914603114130,0.023511763662099800
robot,Closing the. gripper Going for object D.,674.6538,707.1628,,,0.01578778773546220,0.012885323725640800,0.013014341704547400,0.041983723640441900,0.05291896313428880,0.05868200957775120,0.02238732948899270,0.03453807160258290,0.07525266706943510,0.11595621705055200,0.05639759078621860,0.027554532513022400,0.04439206048846250,0.029467517510056500,0.0230218768119812,0.01186160184443000,0.10703866183757800,0.06788046658039090,0.03090689331293110,0.06090662255883220,0.04155546799302100,0.013766825199127200,0.01991785503923890,0.023505661636591000,0.015681035816669500,0.014202217571437400,0.05890863016247750,0.0505811870098114,0.022419434040784800,0.02872571349143980,0.054420776665210700,0.03634234890341760,0.013737303204834500,0.009386343881487850,0.04779437184333800,0.017228292301297200,0.07328657805919650,0.027750616893172300,0.013271830044686800,0.06358669698238370,0.03303483501076700,0.017136797308921800,0.01941020041704180,0.04925483465194700,0.030266357585787800,0.012520343996584400,0.05147748067975040,0.018989240750670400
participant,What do you want me to do with object A? ,741.0398,743.3843,0.8856065,,0.017990924417972600,0.016764318570494700,0.015157506801188000,0.04676918312907220,0.0746750608086586,0.06505534052848820,0.026742318645119700,0.04741774871945380,0.055943313986063000,0.10723528265953100,0.054782021790742900,0.023757506161928200,0.06875114142894750,0.03818798065185550,0.02775205671787260,0.013452494516968700,0.10872667282819700,0.0828138142824173,0.03855323791503910,0.07376860827207570,0.05715952813625340,0.014515066519379600,0.02127525582909580,0.03495805338025090,0.021326035261154200,0.020438188686966900,0.06305445730686190,0.05802462249994280,0.0275570061057806,0.029567401856184000,0.09951382875442510,0.04149499535560610,0.019875483587384200,0.009926591999828820,0.05188189446926120,0.02062765322625640,0.08038141578435900,0.039828844368457800,0.016459409147501000,0.08919262140989300,0.041191790252924000,0.02388426475226880,0.028100667521357500,0.06165076792240140,0.037321530282497400,0.021007360890507700,0.049130748957395600,0.020187702029943500
robot,Carry it for me.,746.87384,747.83136,0.9819336,,0.021740859374404000,0.01975882425904270,0.015363034792244400,0.047431398183107400,0.06544848531484600,0.05864180251955990,0.028388721868395800,0.042036134749651000,0.055554285645484900,0.12644992768764500,0.04151369258761410,0.0210344810038805,0.055384185165166900,0.03472202271223070,0.04058687761425970,0.013726074248552300,0.10459813475608800,0.08118069916963580,0.03234341740608220,0.0691291093826294,0.047050174325704600,0.01640978455543520,0.020200040191412000,0.03267691656947140,0.02338249795138840,0.01812637224793430,0.06401330232620240,0.055574048310518300,0.027144262567162500,0.028260204941034300,0.07741238176822660,0.04604734852910040,0.024185786023736,0.012096830643713500,0.05011443793773650,0.02764810435473920,0.08446197211742400,0.04946603998541830,0.022333528846502300,0.08764725923538210,0.05527177453041080,0.024955686181783700,0.02685399539768700,0.05931604653596880,0.03757616877555850,0.017624506726861,0.049680281430482900,0.02654254622757440
participant,You want them to put it on the shelf?,752.0753,753.5116,0.7767741,,0.018001172691583600,0.017486725002527200,0.015307838097214700,0.049208130687475200,0.06967127323150640,0.06427709758281710,0.02732640877366070,0.04871399328112600,0.054736506193876300,0.1014755591750150,0.034975867718458200,0.02482357993721960,0.06521144509315490,0.035405032336711900,0.028160370886325800,0.01919436827301980,0.10253261774778400,0.08365647494792940,0.03546181693673130,0.07134097814559940,0.059876035898923900,0.014929565601050900,0.021459100767970100,0.033431753516197200,0.021499555557966200,0.020636580884456600,0.06384579092264180,0.057572439312934900,0.027782130986452100,0.02890811488032340,0.09072931110858920,0.04168792441487310,0.021799733862280800,0.009805823676288130,0.050612736493349100,0.020935319364070900,0.08099513500928880,0.03958442807197570,0.017568964511156100,0.0888981968164444,0.04159598425030710,0.02472424879670140,0.02762688882648950,0.061911072582006500,0.03852447122335430,0.021165596321225200,0.048147380352020300,0.020612604916095700
robot,Carry it for me.,756.70325,757.66077,0.9178467,,0.019681090489029900,0.01807301864027980,0.015004909597337200,0.04693330451846120,0.0670219138264656,0.058659445494413400,0.027523085474968000,0.041939377784729000,0.054729312658309900,0.12052400410175300,0.04124824330210690,0.020295383408665700,0.05531545355916020,0.03677421808242800,0.03572443872690200,0.013380046933889400,0.10623379796743400,0.08175021409988400,0.03267689421772960,0.06960609555244450,0.047000035643577600,0.01564681902527810,0.020375320687890100,0.03269116207957270,0.02251952514052390,0.018232090398669200,0.06311338394880300,0.05546136200428010,0.027593931183219000,0.028309687972068800,0.07510469853878020,0.0446239672601223,0.02218061499297620,0.011645223014056700,0.05048303306102750,0.02581735886633400,0.08566243201494220,0.04712514579296110,0.01932598650455480,0.08821761608123780,0.04939011111855510,0.02415185421705250,0.02704346925020220,0.059428971260786100,0.037348564714193300,0.017022237181663500,0.04943009838461880,0.02420433983206750
participant,I don't understand what you want me to do with object A.,762.3903,765.90656,0.85621226,,0.016996286809444400,0.01601487025618550,0.014772851951420300,0.04523921012878420,0.06624017655849460,0.06211918964982030,0.02626056969165800,0.04617750272154810,0.057426415383815800,0.11147336661815600,0.04017861187458040,0.03461677208542820,0.06336378306150440,0.035630207508802400,0.02887536585330960,0.013228101655840900,0.10228710621595400,0.09428947418928150,0.03356128931045530,0.07271566987037660,0.05730527266860010,0.014252904802560800,0.024884967133402800,0.03528677672147750,0.02108336053788660,0.018911369144916500,0.059411998838186300,0.055535659193992600,0.0297069251537323,0.028099142014980300,0.07369673997163770,0.04108579456806180,0.01959790103137490,0.009861411526799200,0.05155568942427640,0.021560711786150900,0.08384017646312710,0.03987794369459150,0.01622352935373780,0.09583725780248640,0.04187200590968130,0.023679379373788800,0.030376404523849500,0.059465836733579600,0.036154285073280300,0.020401159301400200,0.048917125910520600,0.020324403420090700
robot,Carry it for me.,772.3659,773.2399,0.9133301,,0.020066170021891600,0.01907644048333170,0.015169278718531100,0.046916332095861400,0.06636956334114080,0.05834190174937250,0.027703136205673200,0.041619330644607500,0.0556134469807148,0.12466928362846400,0.03938671946525570,0.020217174664139700,0.05543704330921170,0.035634081810712800,0.03582442179322240,0.013572093099355700,0.10072284936904900,0.08201218396425250,0.033010415732860600,0.06913874298334120,0.047067392617464100,0.015732288360595700,0.020208090543746900,0.03355603665113450,0.02297302894294260,0.019828638061881100,0.06312861293554310,0.0552770271897316,0.02752823568880560,0.028290502727031700,0.07805653661489490,0.044062331318855300,0.02470731921494010,0.012085430324077600,0.050347860902547800,0.02400818094611170,0.08470509946346280,0.04524126648902890,0.022177724167704600,0.08877542614936830,0.04793040081858640,0.025338325649499900,0.027094248682260500,0.059429436922073400,0.037075746804475800,0.018663546070456500,0.04947703331708910,0.02393701672554020
participant,Then I will put it on the shelf.,774.7496,776.0208,0.88653564,,0.017512548714876200,0.01628763973712920,0.015270224772393700,0.04644867405295370,0.08201760053634640,0.06233614683151250,0.027081191539764400,0.04263194277882580,0.05438096076250080,0.10450969636440300,0.049198053777217900,0.023521067574620200,0.056248392909765200,0.03670709952712060,0.02994837984442710,0.013530912809073900,0.1409430354833600,0.08404417335987090,0.034642402082681700,0.07110169529914860,0.04903969168663030,0.015393158420920400,0.02053358033299450,0.03204428404569630,0.021646197885274900,0.017005136236548400,0.06793186813592910,0.0585932731628418,0.02710174396634100,0.02891259267926220,0.07876098901033400,0.042794883251190200,0.01997724175453190,0.010034874081611600,0.050235360860824600,0.025641433894634200,0.08236678689718250,0.04168008640408520,0.01641855016350750,0.08759649842977520,0.047358520328998600,0.02382654696702960,0.02722575142979620,0.059877749532461200,0.037149518728256200,0.01658291183412080,0.04846697300672530,0.027944717556238200
robot,Carry it for me.,778.5918,779.55054,0.9375,,0.020492924377322200,0.018339987844228700,0.014972975477576300,0.04673685133457180,0.06798919290304180,0.05825880542397500,0.027417656034231200,0.041542183607816700,0.05472903698682790,0.11658867448568300,0.04142044112086300,0.01995573565363880,0.05500522255897520,0.03911260515451430,0.032507456839084600,0.013491160236299000,0.1095978245139120,0.08283360302448270,0.03352459892630580,0.06900295615196230,0.04690912738442420,0.015098389238119100,0.02051212638616560,0.03291903808712960,0.022360434755682900,0.01998043805360790,0.06143074855208400,0.05521173030138020,0.02810647524893280,0.028248703107237800,0.0749005675315857,0.04283851385116580,0.0228860005736351,0.011480157263577000,0.050027038902044300,0.02544783242046830,0.08486747741699220,0.04568206146359440,0.020391082391142800,0.08801780641078950,0.046053506433963800,0.024695567786693600,0.027366304770112000,0.059439897537231400,0.036862097680568700,0.018112726509571100,0.048681944608688400,0.02358345314860340
robot,Please place new set of objects on the table. Are you done placing the objects?,858.405,885.9818,,,0.015153134241700200,0.012864678166806700,0.012220898643136000,0.047242626547813400,0.06884334981441500,0.06923239678144460,0.01891317404806610,0.064518503844738,0.0627029612660408,0.09329181164503100,0.03664478287100790,0.027836959809064900,0.0856192484498024,0.05080622062087060,0.025209583342075300,0.014949966222047800,0.07943778485059740,0.09927999973297120,0.04724559932947160,0.06762070953845980,0.061673201620578800,0.01214594952762130,0.03152027726173400,0.025025945156812700,0.01646501198410990,0.015554378740489500,0.050886258482933000,0.04875195398926740,0.024454159662127500,0.022774122655391700,0.05841091647744180,0.03405381366610530,0.016170211136341100,0.009557346813380720,0.043814726173877700,0.018409954383969300,0.0800899863243103,0.026724809780716900,0.01511107012629510,0.07193156331777570,0.03173259273171430,0.023779720067977900,0.025713402777910200,0.0760718509554863,0.031088851392269100,0.018942562863230700,0.04498577490448950,0.015414170920848800
participant,"No. Now, Im done. I am done placing the objects in the table.",891.1453,900.34784,,,0.016890378668904300,0.01488203089684250,0.01400220487266780,0.04784468188881870,0.07907678931951520,0.06834307312965390,0.025952177122235300,0.045973993837833400,0.058536939322948500,0.099190853536129,0.03496545925736430,0.021039696410298300,0.06192462518811230,0.03861100971698760,0.028949569910764700,0.012372123077511800,0.09452959895133970,0.09299943596124650,0.038816049695015000,0.07982169091701510,0.04774659499526020,0.015571664087474300,0.023261886090040200,0.02890479378402230,0.01951991207897660,0.016530144959688200,0.0599057599902153,0.056632839143276200,0.028286276385188100,0.02761167287826540,0.06661666184663770,0.04144405573606490,0.018940530717372900,0.01066661812365060,0.05155884474515920,0.021675067022442800,0.0840034931898117,0.037153586745262100,0.015861820429563500,0.08753872662782670,0.03880275413393970,0.023156894370913500,0.02909901551902290,0.0610748752951622,0.038254447281360600,0.014784441329538800,0.0523582398891449,0.022291123867034900
robot/participant,Did not understand your answer? Are you done placing the objects? Yes. Let's start placing objects on the shelf. Going for object A.,903.8523,918.64233,,,0.015215868130326300,0.012323710136115600,0.012920268811285500,0.038971468806266800,0.07042353600263600,0.05323424190282820,0.021200912073254600,0.05255642905831340,0.10702918469905900,0.18375198543071700,0.07602077722549440,0.03343379497528080,0.06280548870563510,0.04754633828997610,0.026327433064580000,0.013495921157300500,0.13937531411647800,0.08273621648550030,0.038115762174129500,0.05785100534558300,0.05869503691792490,0.011826618574559700,0.018000714480876900,0.02576601691544060,0.022163204848766300,0.01615404337644580,0.05044944956898690,0.04437814652919770,0.021108444780111300,0.02211407572031020,0.06940367072820660,0.0309457890689373,0.014724940992891800,0.008663785643875600,0.037040021270513500,0.018763655796647100,0.07448295503854750,0.030764956027269400,0.013321156613528700,0.0657341331243515,0.03610506281256680,0.019498836249113100,0.021757544949650800,0.05187832936644550,0.03239842504262920,0.018404552713036500,0.0488099679350853,0.01705041341483590
robot,I can't place the object.,943.823,945.17523,0.993457,,0.01695934496819970,0.015946511179208800,0.015047947876155400,0.0453033410012722,0.0703401044011116,0.06707467883825300,0.026876766234636300,0.043306972831487700,0.06123549863696100,0.10608517378568600,0.03669558838009830,0.021314984187483800,0.05979325622320180,0.03806714341044430,0.028384411707520500,0.013112090528011300,0.09459897130727770,0.09760343283414840,0.03487313538789750,0.08013393729925160,0.04954010993242260,0.01450043823570010,0.022348888218402900,0.03304968401789670,0.021841205656528500,0.01734611950814720,0.06001816317439080,0.05862726643681530,0.03013528883457180,0.02977687120437620,0.07210778445005420,0.04118794575333600,0.019436417147517200,0.009966754354536530,0.052446965128183400,0.02108217589557170,0.0855560377240181,0.04105084016919140,0.016435984522104300,0.09751372784376140,0.041802406311035200,0.02388003095984460,0.03076992928981780,0.06461630761623380,0.03649820759892460,0.016934284940362000,0.05223534256219860,0.02063991315662860
robot,Take the object back.,959.07043,960.2613,0.9916992,,0.01835639774799350,0.016254637390375100,0.015832899138331400,0.0467832051217556,0.07027541100978850,0.05897486209869390,0.02716086059808730,0.04094592481851580,0.0604194775223732,0.12751564383506800,0.05486975610256200,0.020991578698158300,0.05565247684717180,0.03692636638879780,0.031944554299116100,0.0131378173828125,0.12757335603237200,0.08115533739328380,0.03243342414498330,0.06878088414669040,0.04677896574139600,0.015419281087815800,0.02001999318599700,0.032227031886577600,0.023276828229427300,0.017525821924209600,0.06385119259357450,0.05608849227428440,0.02663171850144860,0.028521612286567700,0.08412985503673550,0.04209766536951070,0.01959971897304060,0.010447623208165200,0.04977155849337580,0.024376455694437000,0.08089754730463030,0.04401461407542230,0.01634497195482250,0.08738528192043300,0.048117127269506500,0.023857124149799300,0.0266654584556818,0.05937661603093150,0.03749110549688340,0.016719859093427700,0.04924290254712110,0.028720609843730900
robot,Place it for me.,965.9775,966.85077,0.9916992,,0.02160719409585000,0.01948361285030840,0.016058625653386100,0.046096548438072200,0.06476827710866930,0.05900909751653670,0.028622156009078000,0.04194099083542820,0.05660067871212960,0.13971750438213300,0.042067043483257300,0.021174060180783300,0.05533677712082860,0.03506512939929960,0.044503241777420000,0.01359090581536290,0.10459119081497200,0.080483078956604,0.03251216560602190,0.06930557638406750,0.04724561795592310,0.01535982545465230,0.020255764946341500,0.0327342264354229,0.025426629930734600,0.0176796056330204,0.06191611662507060,0.055737871676683400,0.02735467627644540,0.028350811451673500,0.08366644382476810,0.04439165070652960,0.024855520576238600,0.010460416786372700,0.05007093772292140,0.02779790759086610,0.08071568608284000,0.04540847986936570,0.020094549283385300,0.08797389268875120,0.052442800253629700,0.025588758289814000,0.026952221989631700,0.05887686088681220,0.037280455231666600,0.017905790358781800,0.04932526499032970,0.024879980832338300
robot,Going for object B.,977.8026,979.07733,0.60392255,,0.017426667734980600,0.01627626270055770,0.014865524135530000,0.045917678624391600,0.06834246963262560,0.060505907982587800,0.026594340801239000,0.042381707578897500,0.058709967881441100,0.11051726341247600,0.04058896005153660,0.020372407510876700,0.05615648627281190,0.034979354590177500,0.02932704985141750,0.013828763738274600,0.10694000124931300,0.08306116610765460,0.03275777027010920,0.07137194275856020,0.047389790415763900,0.01515666302293540,0.02050047554075720,0.03213130682706830,0.022561397403478600,0.017379434779286400,0.0653776302933693,0.05664756894111630,0.026958219707012200,0.02853463962674140,0.07467740029096600,0.04215802997350690,0.019838588312268300,0.01063317246735100,0.050993598997592900,0.021969959139823900,0.0828995630145073,0.04113257676362990,0.017207344993948900,0.08813713490962980,0.043223872780799900,0.024593409150838900,0.02713690884411340,0.059852369129657700,0.03663346543908120,0.016237765550613400,0.05334940552711490,0.021572085097432100
robot,I can't carry the object.,1003.6526,1005.16547,0.9935547,,0.016817374154925300,0.015888851135969200,0.014628849923610700,0.044791895896196400,0.08127104490995410,0.0699181854724884,0.026355724781751600,0.04529981315135960,0.05864769592881200,0.09834112972021100,0.033272936940193200,0.019094916060566900,0.05789933726191520,0.04642666131258010,0.02733764983713630,0.012879496440291400,0.08609381318092350,0.11668118089437500,0.04134209081530570,0.0953075960278511,0.04897307604551320,0.014289388433098800,0.02617468312382700,0.03437064588069920,0.021047450602054600,0.01708896830677990,0.05937093868851660,0.05975457280874250,0.03403082117438320,0.029788626357913000,0.07183978706598280,0.04092903435230260,0.01949387975037100,0.009637707844376560,0.05844468995928760,0.019903691485524200,0.08184559643268590,0.03978266566991810,0.016329050064086900,0.10923679172992700,0.0405082181096077,0.023737026378512400,0.035468924790620800,0.06662344187498090,0.03612843155860900,0.01740763522684570,0.05432300642132760,0.019885996356606500
robot,Take the object back.,1019.1684,1020.2861,0.9793701,,0.018432607874274300,0.016414308920502700,0.01579536683857440,0.04690364748239520,0.07172093540430070,0.05898331105709080,0.027031758800149000,0.041146207600832000,0.060230374336242700,0.13088606297969800,0.05664875730872150,0.020738789811730400,0.055820487439632400,0.038857199251651800,0.03308355063200000,0.01318218745291230,0.13744735717773400,0.08125617355108260,0.032684385776519800,0.06871794164180760,0.04680194705724720,0.01509031094610690,0.02001873403787610,0.03210217133164410,0.022905215620994600,0.01767130196094510,0.06427890062332150,0.056096598505973800,0.026616787537932400,0.028333298861980400,0.08432859927415850,0.042471498250961300,0.0197468101978302,0.010084320791065700,0.049725696444511400,0.024850355461239800,0.08061494678258900,0.044739097356796300,0.01637171395123010,0.08679402619600300,0.04953458905220030,0.023926764726638800,0.02658296376466750,0.059325866401195500,0.037151508033275600,0.016456475481391000,0.049652185291051900,0.027515878900885600
robot/participant,Carry it for me. Carry it for me. Yes. I'm carring it for you. Carry it for me. Carry it for me. Yes. Carry it for me.,1023.7189,1051.1697,,,0.018080977723002400,0.014544786885380700,0.01025579497218130,0.044544871896505400,0.06312879174947740,0.04663567617535590,0.019716544076800300,0.04755067452788350,0.049971360713243500,0.14566382765770000,0.04739232733845710,0.02994726411998270,0.05173873156309130,0.05282948538661000,0.033443633466959,0.018189135938882800,0.11994637548923500,0.07243934273719790,0.034494102001190200,0.06067284196615220,0.04858023673295980,0.015430941246449900,0.020702997222542800,0.03842910751700400,0.018540648743510200,0.02991647832095620,0.059111688286066100,0.0423746295273304,0.028569430112838700,0.02115854248404500,0.07001787424087520,0.033743716776371,0.020318148657679600,0.012575794011354400,0.04358845576643940,0.022336261346936200,0.08991319686174390,0.03324686735868450,0.032197944819927200,0.06445970386266710,0.03916896507143970,0.021170899271965000,0.02170570380985740,0.04665248468518260,0.03124971315264700,0.03939686343073850,0.04379788041114810,0.024603771045804000
robot,Going for object C. Going for object D.,1054.4552,1096.1248,,,0.017260419204831100,0.012215354479849300,0.011561094783246500,0.042523548007011400,0.06552999466657640,0.06876308470964430,0.02104545570909980,0.038492586463689800,0.07732308655977250,0.08757238835096360,0.04287879914045330,0.028317390009760900,0.05297553911805150,0.029476262629032100,0.021963931620121000,0.012288885191083000,0.11101698130369200,0.08384113013744350,0.032168906182050700,0.06359607726335530,0.05583122372627260,0.015092719346284900,0.024958809837698900,0.01889626309275630,0.012988886795938000,0.015174329280853300,0.0635647177696228,0.05035511776804920,0.02250541001558300,0.029945358633995100,0.044699326157569900,0.03520232439041140,0.013296644203364800,0.012104597873985800,0.04817993566393850,0.01906036026775840,0.0848655104637146,0.028173377737402900,0.013974782079458200,0.058698929846286800,0.031201159581542000,0.01667511835694310,0.021220967173576400,0.05104703828692440,0.030087478458881400,0.010452688671648500,0.053053323179483400,0.019196899607777600
participant,What do you want to do with Object B?,1138.3064,1140.2167,0.8772244,,0.01716683618724350,0.01606871373951440,0.014849666506052000,0.046186406165361400,0.0861448422074318,0.06836103647947310,0.026866119354963300,0.043811433017253900,0.0545332208275795,0.10028618574142500,0.04346628487110140,0.022005049511790300,0.08112122118473050,0.04192851856350900,0.027275366708636300,0.013645673170685800,0.11227519065141700,0.08445180952548980,0.04279085621237760,0.08023644983768460,0.055222224444150900,0.0144901592284441,0.020524322986602800,0.03408711031079290,0.021351799368858300,0.02177247405052190,0.06300699710845950,0.06027109548449520,0.027213379740715000,0.02998710796236990,0.09380029141902920,0.0411233976483345,0.019451376050710700,0.00974030327051878,0.05141691863536840,0.01999574527144430,0.08086491376161580,0.03943172097206120,0.016376754269003900,0.08993101865053180,0.040507517755031600,0.02400469407439230,0.027250168845057500,0.06402841210365300,0.03709610551595690,0.019099922850728000,0.0482717789709568,0.020094914361834500
robot,Carry it for me.,1143.6602,1144.6179,0.9892578,,0.020173976197838800,0.0194139014929533,0.015071199275553200,0.04800424352288250,0.06942929327487950,0.05867061764001850,0.02780725061893460,0.04282813519239430,0.05659997835755350,0.13192301988601700,0.0405505932867527,0.020180385559797300,0.05554197356104850,0.040413834154605900,0.03755400329828260,0.013960412703454500,0.10572056472301500,0.08347699046134950,0.03390326723456380,0.07006221264600750,0.0468948632478714,0.016105853021144900,0.020663604140281700,0.033499132841825500,0.023574065417051300,0.019187577068805700,0.06266004592180250,0.055800676345825200,0.02822555974125860,0.028474261984229100,0.07619721442461010,0.0448312945663929,0.024927429854869800,0.011782156303525000,0.0514119453728199,0.02684653364121910,0.08613666892051700,0.04641307517886160,0.023993302136659600,0.0895526260137558,0.0505184642970562,0.02519354782998560,0.027533356100320800,0.05987267941236500,0.03730327636003490,0.017620377242565200,0.050596944987773900,0.023883186280727400
participant,"I'll, just assume I'll put it there.",1147.4114,1148.9279,0.8558873,,0.017346175387501700,0.01611092872917650,0.014719801023602500,0.046591293066740000,0.08301133662462230,0.06937865167856220,0.02641657367348670,0.051101814955472900,0.05964679643511770,0.09941881895065310,0.03520577400922780,0.020463835448026700,0.05707816779613500,0.0462615042924881,0.029619429260492300,0.013353614136576700,0.0975601077079773,0.11194529384374600,0.039586469531059300,0.07613207399845120,0.05286078155040740,0.014748938381671900,0.029393797740340200,0.03441395238041880,0.02118317037820820,0.019530434161424600,0.06125228479504590,0.05797684192657470,0.033305082470178600,0.029304735362529800,0.07310304790735250,0.041607894003391300,0.020233700051903700,0.010928656905889500,0.05590686947107320,0.022135568782687200,0.08710075914859770,0.041241783648729300,0.016812220215797400,0.10020315647125200,0.04214409738779070,0.024168750271201100,0.03633580729365350,0.06179918721318250,0.036929432302713400,0.017896421253681200,0.05477546155452730,0.02233113907277580
robot,Please place new set of objects on the table. Are you done placing the objects?,1200.6128,1227.3435,,,0.01585184969007970,0.013771402649581400,0.012519443407654800,0.05368475988507270,0.06816378980875020,0.06648952513933180,0.021933991461992300,0.047279566526413000,0.05819748714566230,0.09043006598949430,0.02986547350883480,0.027716873213648800,0.08197768032550810,0.04183664545416830,0.024577807635068900,0.011656179092824500,0.07799332588911060,0.09134731441736220,0.04337993264198300,0.07230924814939500,0.05474196374416350,0.013883408159017600,0.02445693500339990,0.02642257697880270,0.017104458063840900,0.016128238290548300,0.05952072888612750,0.05946004018187520,0.0250262264162302,0.030517062172293700,0.058914389461278900,0.039543554186821000,0.016370683908462500,0.009863712824881080,0.051468752324581100,0.018284881487488700,0.0901598259806633,0.0313875712454319,0.015359360724687600,0.07654762268066410,0.035730842500925100,0.01923944428563120,0.02547132968902590,0.07499416917562490,0.037915103137493100,0.013667648658156400,0.04840899631381040,0.018770935013890300
participant,No.,1228.234,1228.4733,0.9824219,0.2006836,0.016933029517531400,0.016101248562336000,0.014745759777724700,0.04650808125734330,0.06598158180713650,0.06418915838003160,0.027587056159973100,0.052881255745887800,0.05809161067008970,0.10125476866960500,0.03348119184374810,0.019278012216091200,0.07650391757488250,0.03386120870709420,0.028299545869231200,0.013106970116496100,0.08580027520656590,0.08993030339479450,0.03469925746321680,0.0769057497382164,0.06660684943199160,0.014462030492723000,0.025753138586878800,0.032642267644405400,0.02126644179224970,0.017341671511530900,0.059789229184389100,0.05846751108765600,0.030082395300269100,0.029947303235530900,0.07381846755743030,0.0411519780755043,0.019579164683818800,0.009857375174760820,0.05146648362278940,0.01992151513695720,0.08775859326124190,0.04219432547688480,0.016751611605286600,0.08932161331176760,0.04118223488330840,0.024780474603176100,0.031045371666550600,0.07310065627098080,0.03960568830370900,0.017095575109124200,0.05017030984163280,0.02023165673017500
robot/participant,Are you done placing the objects? Yes. Let's start placing objects on the shelf. Going for object A.,1261.2653,1273.6156,,,0.015937600284814800,0.013600422069430400,0.01375459786504510,0.04206164926290510,0.05883977934718130,0.05545453354716300,0.023164210841059700,0.05584612861275670,0.10415299981832500,0.15894103050231900,0.05922284349799160,0.03149021416902540,0.06997118145227430,0.04087138921022420,0.026621516793966300,0.014479334466159300,0.10761376470327400,0.08180010318756100,0.03837527334690090,0.060144588351249700,0.05052158609032630,0.013078553602099400,0.019740229472518000,0.027234511449933100,0.022161178290844000,0.016390204429626500,0.0553770586848259,0.04661395028233530,0.02336408570408820,0.02382805570960050,0.07234933227300640,0.03477644547820090,0.0164656862616539,0.009424389339983460,0.04072210565209390,0.01793057657778260,0.08378702402114870,0.03336353227496150,0.014610452577471700,0.0720033198595047,0.03752856329083440,0.021259402856230700,0.024204866960644700,0.06168882176280020,0.03538539260625840,0.01622987538576130,0.04993213713169100,0.01794099621474740
robot,I can't pick up the object.,1288.1554,1289.5935,0.93603516,,0.016844050958752600,0.01591332256793980,0.014715663157403500,0.04526807367801670,0.07659250497817990,0.06660547107458120,0.026501929387450200,0.04337792471051220,0.061935704201459900,0.10075259953737300,0.03583177924156190,0.019679183140397100,0.05863066017627720,0.03860310837626460,0.027781454846262900,0.012936360202729700,0.09065120667219160,0.09827707707881930,0.03662635758519170,0.07916057109832760,0.04981780797243120,0.014474641531705900,0.02160966955125330,0.03262254223227500,0.021253332495689400,0.01712362840771680,0.06003652885556220,0.05929996818304060,0.028984444215893700,0.02997439354658130,0.0721283107995987,0.04116073623299600,0.019397832453250900,0.009767717681825160,0.052327580749988600,0.020484328269958500,0.08473821729421620,0.04049728810787200,0.01625918224453930,0.09299586713314060,0.0413515642285347,0.023691292852163300,0.029254786670208000,0.06382352858781820,0.036420099437236800,0.016284577548503900,0.05361393466591840,0.020464105531573300
robot,Hand it to me.,1301.0953,1301.8889,0.79467773,,0.022066522389650300,0.020746581256389600,0.016828591004014000,0.05080833286046980,0.06798435747623440,0.060567427426576600,0.030504344031214700,0.044929828494787200,0.05790948495268820,0.10656123608350800,0.03607620298862460,0.019311722368001900,0.056478992104530300,0.033310528844595000,0.03971381112933160,0.013657509349286600,0.09708934277296070,0.08003081381320950,0.03249898552894590,0.07005545496940610,0.04705778509378430,0.020316310226917300,0.02109023556113240,0.03191007673740390,0.025062045082449900,0.017326325178146400,0.07035855203866960,0.057701870799064600,0.026857661083340600,0.02888484299182890,0.07940299808979030,0.04917832463979720,0.025630438700318300,0.012052372097969100,0.050537437200546300,0.037408292293548600,0.08228356391191480,0.046511683613061900,0.02101309411227700,0.0872972309589386,0.05851467326283460,0.028577007353305800,0.027344008907675700,0.05998622626066210,0.04288536310195920,0.01610737480223180,0.04893268272280690,0.030014075338840500
robot,Should I close gripper?,1308.574,1309.6876,0.7624512,,0.02016381546854970,0.017262881621718400,0.017052214592695200,0.05249788239598270,0.0701097697019577,0.05971812084317210,0.02815225161612030,0.04913751780986790,0.056019578129053100,0.10857772082090400,0.039385952055454300,0.033159688115119900,0.06777992844581600,0.05556487292051320,0.03030982054769990,0.013034651055932000,0.08560633659362790,0.08514855057001110,0.04634139686822890,0.06927977502346040,0.060578808188438400,0.014461861923337000,0.02260378561913970,0.0338539257645607,0.021441403776407200,0.029515419155359300,0.06061796471476560,0.056122515350580200,0.028236448764801000,0.0289674811065197,0.08647400140762330,0.04149341955780980,0.020250048488378500,0.010567602701485200,0.049779102206230200,0.02098826691508290,0.09191542863845830,0.03978024423122410,0.016331098973751100,0.08757967501878740,0.041704848408699000,0.023758238181471800,0.027723319828510300,0.06295817345380780,0.04078913852572440,0.021620893850922600,0.047560758888721500,0.020090961828827900
participant,Yes.,1310.4036,1310.6422,0.99365234,0.24951172,0.018166113644838300,0.016524529084563300,0.015594379045069200,0.0498078353703022,0.06501036882400510,0.0593608021736145,0.02767995372414590,0.047912608832120900,0.060826968401670500,0.11295352876186400,0.037829894572496400,0.021278973668813700,0.0589471235871315,0.03281345218420030,0.034952495247125600,0.013107544742524600,0.08858891576528550,0.08171000331640240,0.03259655460715290,0.06973201781511310,0.04996451735496520,0.0155726857483387,0.02190575934946540,0.03277364373207090,0.021995510905981100,0.01760140433907510,0.06502000987529760,0.05548823997378350,0.02760511264204980,0.02849092334508900,0.08067280054092410,0.04432506114244460,0.019884172827005400,0.012272333726286900,0.050301678478717800,0.021317871287465100,0.08758106082677840,0.048452623188495600,0.01717371493577960,0.08855477720499040,0.05057458207011220,0.024642229080200200,0.02752659097313880,0.060963526368141200,0.04034094884991650,0.01808341220021250,0.04999115690588950,0.023863449692726100
robot,Closing the gripper.,1313.6652,1314.5629,0.96240234,,0.017692822962999300,0.016182629391551000,0.016557494178414300,0.04692583903670310,0.06528475880622860,0.061111826449632600,0.028409339487552600,0.04246651753783230,0.06924246996641160,0.13815735280513800,0.05745302513241770,0.026472559198737100,0.06093836948275570,0.033411625772714600,0.031889189034700400,0.013242951594293100,0.09281271696090700,0.0808960422873497,0.03257666155695920,0.07052938640117650,0.04937226325273510,0.014627085998654400,0.02029925212264060,0.03270909562706950,0.02315138280391690,0.017186911776661900,0.06186224892735480,0.059337884187698400,0.027274975553154900,0.0299646258354187,0.0820220410823822,0.04160217195749280,0.019512232393026400,0.010335532948374700,0.050165630877018000,0.020552024245262100,0.08472458273172380,0.042810969054698900,0.016298700124025300,0.08777975291013720,0.04279708117246630,0.024010231718421000,0.02696227841079240,0.06142909824848180,0.03905845433473590,0.01739874668419360,0.05054626241326330,0.020659081637859300
robot,Going for object B. Going for object C.,1342.9957,1383.0479,,,0.018716592341661500,0.01335777249187230,0.013124324381351500,0.044248975813388800,0.0563499815762043,0.05797693133354190,0.023995758965611500,0.031571295112371400,0.04848645627498630,0.08831410109996800,0.0546356700360775,0.024377088993787800,0.04674361273646360,0.024738792330026600,0.024970656260848000,0.01220115926116710,0.12575463950634000,0.06006806343793870,0.029648490250110600,0.05938815325498580,0.03688211366534230,0.016331369057297700,0.021235402673482900,0.02006901241838930,0.016585703939199400,0.014610971324145800,0.08224464952945710,0.051863569766283000,0.02057708613574510,0.03216945379972460,0.05404822900891300,0.03879660740494730,0.014311745762825000,0.01072529423981910,0.04880006983876230,0.026855934411287300,0.07393507659435270,0.027221810072660400,0.014181319624185600,0.06018681451678280,0.037681594491004900,0.015221143141388900,0.018154889345169100,0.05196056887507440,0.03294543921947480,0.010058032348752000,0.04113813862204550,0.026515664532780600
robot,I can't place the object.,1409.6842,1411.1202,0.9945313,,0.01707482896745210,0.01600094884634020,0.01515984907746320,0.045376479625701900,0.06896595656871800,0.06592008471488950,0.026997504755854600,0.04331430420279500,0.062116652727127100,0.1067046970129010,0.035832494497299200,0.021934915333986300,0.059358011931181000,0.03778194636106490,0.028323668986558900,0.0132069680839777,0.09292279928922650,0.10278748720884300,0.03489302843809130,0.07940755039453510,0.04933417588472370,0.014505388215184200,0.022470436990261100,0.03317289799451830,0.02192162349820140,0.01775413192808630,0.060057416558265700,0.05803334712982180,0.030374323949217800,0.02948470413684850,0.07214248180389400,0.04120826721191410,0.019503403455019000,0.01009857002645730,0.05268135294318200,0.02127992734313010,0.08682471513748170,0.04100970923900600,0.016427136957645400,0.09988611936569210,0.04176269471645360,0.02385249361395840,0.03060484491288660,0.06473884731531140,0.03662982955574990,0.0170288048684597,0.053981538861990000,0.020763712003827100
robot,Take the object back.,1424.8186,1425.9303,0.92419434,,0.018893182277679400,0.01655041053891180,0.01574479416012760,0.048711929470300700,0.07234711945056920,0.059073418378830000,0.027011688798666,0.04138537496328350,0.05944308266043660,0.12792043387889900,0.04979837313294410,0.019860148429870600,0.055503517389297500,0.03951117396354680,0.032020144164562200,0.013284927234053600,0.12154457718133900,0.08131805062294010,0.03299596533179280,0.06886117160320280,0.04663639888167380,0.015546781942248300,0.020060282200574900,0.03221336752176290,0.023631855845451400,0.017988190054893500,0.0643872544169426,0.05588439106941220,0.026667281985282900,0.028396442532539400,0.08344538509845730,0.042820148169994400,0.019843781366944300,0.010031708516180500,0.04977331683039670,0.02527509443461900,0.07997861504554750,0.043085478246212000,0.016453763470053700,0.08709211647510530,0.04966568574309350,0.02422761730849740,0.026696350425481800,0.05926192179322240,0.03727463632822040,0.016807621344924000,0.049630291759967800,0.02907983399927620
participant,Yes.,1432.025,1432.265,0.8120117,0.22070312,0.017524538561701800,0.01629406213760380,0.015012587420642400,0.05206482484936710,0.06497680395841600,0.06088000535964970,0.027826474979519800,0.0509752482175827,0.055507853627204900,0.10580942779779400,0.03550853952765470,0.020491762086749100,0.06463523954153060,0.03257245942950250,0.032349664717912700,0.013269796036183800,0.0890483632683754,0.08174524456262590,0.03227778524160390,0.0710693895816803,0.053681377321481700,0.015794135630130800,0.02268322743475440,0.0326433964073658,0.021887224167585400,0.017441220581531500,0.0671098381280899,0.05641181766986850,0.028424974530935300,0.028941068798303600,0.07924290746450420,0.04445374011993410,0.01982364058494570,0.011527085676789300,0.05067318677902220,0.02103523723781110,0.08883503079414370,0.0444876104593277,0.01688557304441930,0.08860122412443160,0.04740580543875690,0.024805685505271000,0.028166143223643300,0.0630282461643219,0.04252999275922780,0.01786891557276250,0.04883696883916860,0.023405486717820200
robot,Place it for me.,1434.5193,1435.4764,0.9847412,,0.02279033698141580,0.02131289802491670,0.01588268391788010,0.04663803055882450,0.06510049849748610,0.05951681360602380,0.029632676392793700,0.04202853515744210,0.05619881674647330,0.1367710828781130,0.037814244627952600,0.020283102989196800,0.055540118366479900,0.03603019192814830,0.0443427674472332,0.0138998469337821,0.10164100676775000,0.08077745884656910,0.03241235017776490,0.06966672092676160,0.04706370458006860,0.015756875276565600,0.020351003855466800,0.03303878754377370,0.026694338768720600,0.018069563433527900,0.06212965399026870,0.05619874224066730,0.027558699250221300,0.02868688851594930,0.08224077522754670,0.045627959072589900,0.02673911862075330,0.01072143204510210,0.05053206905722620,0.02972380816936490,0.08130057156085970,0.04795849695801740,0.023727847263217000,0.08864616602659230,0.05350065231323240,0.02590271085500720,0.026958726346492800,0.05908890813589100,0.03733980283141140,0.01790613681077960,0.048860423266887700,0.024796273559331900
robot,Going objective.,1447.2185,1448.4158,0.767334,,0.01737138256430630,0.015964189544320100,0.014991123229265200,0.04510368034243580,0.06597825884819030,0.06036645919084550,0.026623649522662200,0.04165003076195720,0.06399716436862950,0.11453480273485200,0.04309557005763050,0.022824343293905300,0.05649963393807410,0.03375813364982610,0.027931129559874500,0.01326353382319210,0.09545398503541950,0.08279406279325490,0.03263506665825840,0.07031067460775380,0.048363592475652700,0.014707708731293700,0.020155057311058000,0.03209766373038290,0.02186262235045430,0.017423763871192900,0.06352205574512480,0.05609834939241410,0.02673206478357320,0.028438575565815000,0.07734204083681110,0.04153968021273610,0.0194868091493845,0.010093574412167100,0.04993715509772300,0.020060056820511800,0.08133949339389800,0.03961620479822160,0.016395190730691000,0.08752921223640440,0.041197359561920200,0.024006281048059500,0.026753373444080400,0.05947539955377580,0.03663467988371850,0.016215855255723,0.05206017941236500,0.020196583122015
robot,I can't pick up the object.,1463.0996,1464.5365,0.95491534,,0.016851508989930200,0.015888921916484800,0.014751261100173000,0.04528341442346570,0.07732957601547240,0.0675586611032486,0.026448385789990400,0.0432141087949276,0.063169926404953,0.09978006035089490,0.035365376621484800,0.019439727067947400,0.05753861740231510,0.03902266547083860,0.027724698185920700,0.012926558032631900,0.09051448851823810,0.10284564644098300,0.03667708486318590,0.07880756258964540,0.05001341551542280,0.014473861083388300,0.02242681011557580,0.032613106071949000,0.02114926278591160,0.01714387722313400,0.06019517406821250,0.058945123106241200,0.029355984181165700,0.029817242175340700,0.07203643023967740,0.04133019596338270,0.019412022083997700,0.009698093868792060,0.052671484649181400,0.020840000361204100,0.08556107431650160,0.04068048670887950,0.016230391338467600,0.09319410473108290,0.04151047393679620,0.023647043853998200,0.02988997846841810,0.06437063217163090,0.036494188010692600,0.01630622148513790,0.05543899163603780,0.020503079518675800
robot,Hand it to me.,1476.365,1477.1632,0.7380371,,0.01976364478468900,0.019167177379131300,0.016564521938562400,0.048197824507951700,0.07186679542064670,0.06251054257154470,0.03023405559360980,0.04464656487107280,0.06004282459616660,0.11607983708381700,0.04046555235981940,0.020333899185061500,0.05676083639264110,0.036843009293079400,0.039211295545101200,0.013832936063408900,0.10513579100370400,0.08090300858020780,0.03410642221570020,0.07181958854198460,0.04713438078761100,0.018348416313529000,0.021265991032123600,0.032169997692108200,0.027505088597536100,0.017469000071287200,0.06569132208824160,0.05948556214571000,0.02710895612835880,0.02976122871041300,0.07918868958950040,0.04560086876153950,0.024913981556892400,0.011462642811238800,0.05229707807302480,0.029658306390047100,0.08427943289279940,0.04915330186486240,0.023433104157447800,0.08818089216947560,0.05296327918767930,0.033441342413425400,0.027881063520908400,0.06017988175153730,0.04059857875108720,0.016310418024659200,0.05132176727056500,0.02788783796131610
robot/participant,Should I close the gripper? Yes. Closing the gripper.,1483.8888,1489.8058,,,0.01918381080031400,0.015473054721951500,0.015742801129818000,0.05191172659397130,0.06417861580848690,0.056627772748470300,0.027031850069761300,0.05477830767631530,0.05877804383635520,0.12514463067054700,0.050367776304483400,0.036436501890420900,0.06942290812730790,0.05790354311466220,0.03159079700708390,0.01296817883849140,0.09383611381053930,0.08094290643930440,0.04430660605430600,0.0654706209897995,0.0613570511341095,0.013769667595624900,0.023484008386731100,0.03459298610687260,0.0216252189129591,0.05018527805805210,0.05933189019560810,0.05179204046726230,0.028601285070180900,0.026452666148543400,0.09252475202083590,0.038458362221717800,0.018353473395109200,0.010008085519075400,0.046372897922992700,0.020521610975265500,0.09785918146371840,0.04092466086149220,0.014943556860089300,0.08050665259361270,0.04108606278896330,0.021724296733737000,0.026905687525868400,0.05937761440873150,0.04040715843439100,0.026375671848654700,0.048787396401166900,0.021906742826104200
robot,I can't carry the object.,1504.587,1506.0209,0.9927734,,0.016941802576184300,0.015966037288308100,0.014676837250590300,0.04506819322705270,0.08094053715467450,0.06714345514774320,0.026609348133206400,0.0433836430311203,0.05981422960758210,0.09873587638139730,0.0336105152964592,0.01924297958612440,0.057496365159750000,0.04336042329669000,0.027500422671437300,0.013036413118243200,0.08774653822183610,0.1119571253657340,0.038542743772268300,0.08935687690973280,0.04778486117720600,0.014407387003302600,0.02268567681312560,0.034508898854255700,0.02123730443418030,0.017377212643623400,0.059488728642463700,0.059508148580789600,0.03238002955913540,0.029870249330997500,0.07187580317258840,0.041073910892009700,0.019554587081074700,0.009822746738791470,0.05778949707746510,0.02023378387093540,0.08294510841369630,0.039948251098394400,0.016463901847600900,0.10758916288614300,0.04087327420711520,0.023869909346103700,0.03220464661717420,0.06534112989902500,0.03628387674689290,0.017524268478155100,0.05452091991901400,0.02011003904044630
robot,Take the object back.,1513.9983,1515.1896,0.97387695,,0.017922433093190200,0.016198504716157900,0.015569640323519700,0.04657674953341480,0.07093589752912520,0.05941968411207200,0.027045346796512600,0.041079409420490300,0.06225961819291120,0.1271681785583500,0.0499538816511631,0.020679032430052800,0.05606728792190550,0.037057410925626800,0.03137224167585370,0.013204246759414700,0.12579303979873700,0.08159256726503370,0.032592181116342500,0.06919640302658080,0.046899888664484000,0.01512976549565790,0.020025169476866700,0.03239336609840390,0.023280847817659400,0.01787121221423150,0.06347892433404920,0.05618879944086080,0.026618150994181600,0.028573501855135000,0.08014286309480670,0.042048223316669500,0.01959957554936410,0.010403290390968300,0.049963343888521200,0.02199552394449710,0.0807056799530983,0.044511716812849000,0.016384800896048500,0.08760850131511690,0.04669690132141110,0.023877691477537200,0.026660030707716900,0.05967450886964800,0.0373944528400898,0.016821641474962200,0.05072237551212310,0.025230612605810200
participant,Okay.,1524.6677,1524.9075,0.9951172,0.27294922,0.018221592530608200,0.01676115207374100,0.01635036990046500,0.054133955389261200,0.06455741077661510,0.06113100424408910,0.029488060623407400,0.050718046724796300,0.05662742629647260,0.10337461531162300,0.03386346995830540,0.021453851833939600,0.06885028630495070,0.03231744468212130,0.03500906750559810,0.013481958769261800,0.08612364530563350,0.08317028731107710,0.032679177820682500,0.07376247644424440,0.05604233220219610,0.015730608254671100,0.025169359520077700,0.03518034517765050,0.02223138138651850,0.017863713204860700,0.06321931630373000,0.056749530136585200,0.02857348881661890,0.02891111746430400,0.08010681718587880,0.04500753432512280,0.020162058994174000,0.011068711057305300,0.05055489391088490,0.020882682874798800,0.0915350690484047,0.046727098524570500,0.017013493925333000,0.08917079120874410,0.04767391085624700,0.02412969246506690,0.029541751369833900,0.06550256907939910,0.04550691694021230,0.02153661474585530,0.04998812824487690,0.022192101925611500
robot,Carry it for me.,1526.9851,1527.864,0.953125,,0.019595373421907400,0.018699493259191500,0.015195520594716100,0.046551451086998000,0.06635698676109310,0.05834390968084340,0.02752218209207060,0.041591793298721300,0.05569200962781910,0.13108693063259100,0.039562638849020000,0.019924765452742600,0.055493175983429000,0.0362309031188488,0.03643831983208660,0.013333145529031800,0.10427532345056500,0.08249976485967640,0.033082593232393300,0.06944800913333890,0.047046806663274800,0.015395831316709500,0.02024856023490430,0.033566076308488800,0.02280750684440140,0.01940830796957020,0.06225120276212690,0.05539872869849210,0.02778055891394620,0.028344903141260100,0.07659202814102170,0.042831286787986800,0.023273024708032600,0.011489697732031300,0.05055974796414380,0.02547040954232220,0.08754364401102070,0.04689868167042730,0.01995537243783470,0.08855799585580830,0.047815389931201900,0.024664852768182800,0.02725844457745550,0.05960918590426450,0.03676430508494380,0.018482254818081900,0.04947248473763470,0.02518024668097500
participant,You mean to put it on the shelf.,1529.8617,1531.2202,0.92266846,,0.018526699393987700,0.01657567173242570,0.01591811329126360,0.04562126845121380,0.06883595138788220,0.060227278620004700,0.02748759835958480,0.043197907507419600,0.05400801822543140,0.10524250566959400,0.044770497828722,0.025296488776803000,0.057495128363370900,0.034213561564683900,0.02825714275240900,0.01348892878741030,0.10951676219701800,0.08220089226961140,0.034202735871076600,0.06968182325363160,0.04842212423682210,0.014873230829834900,0.021050404757261300,0.0323353186249733,0.022137587890029000,0.0176859050989151,0.061637990176677700,0.056711774319410300,0.027865702286362600,0.029381196945905700,0.07957394421100620,0.04130391776561740,0.020071059465408300,0.010135766118764900,0.05017448589205740,0.021643295884132400,0.08651117980480190,0.03970589488744740,0.01673983968794350,0.08762208372354510,0.04209951311349870,0.024042842909693700,0.02794702537357810,0.061475299298763300,0.037834227085113500,0.01698816381394860,0.04770888015627860,0.021118028089404100
robot,Looks like we placed all the objects. Thanks. We're welcome.,1539.9132,1545.0864,,,0.03707743436098100,0.02055574394762520,0.030373502522707000,0.07575155049562450,0.0614023432135582,0.05532316491007810,0.02758895419538020,0.0672302097082138,0.05939912423491480,0.10838399082422300,0.034962721168994900,0.020916592329740500,0.05684777721762660,0.04254543408751490,0.036043159663677200,0.012876312248408800,0.08639150112867360,0.08306153118610380,0.03890956565737720,0.06518671661615370,0.050851479172706600,0.015693139284849200,0.024540400132536900,0.03099554404616360,0.021719930693507200,0.02406378462910650,0.06294538080692290,0.05173962563276290,0.025673191994428600,0.026063740253448500,0.07980111241340640,0.04932970926165580,0.021265914663672400,0.01037889625877140,0.047169316560030000,0.029228579252958300,0.08374595642089840,0.0463605597615242,0.016708578914403900,0.0817510336637497,0.07700994610786440,0.027284836396575000,0.026785673573613200,0.058974362909793900,0.044407665729522700,0.016774460673332200,0.05222317948937420,0.024946294724941300